field_name,role,family,codebook_group,present_in_current_historical_panel,historical_panel_requirement,forecast_scaffold_requirement,standardized_model_input_requirement,fixed_slow_area_asset_requirement,data_type,format_or_allowed_values,description,statistic_or_measure,notes
area_id,canonical_key,,,derived,derived from admin_code,derived from admin_code,required,required,string,Canonical IPCCH area identifier; equals admin_code in current assets.,,,Canonical identifier for the unified IPCCH contract.
AEZ_32000,fixed_slow_feature,aez,"04 Agriculture, AEZ, and masks",yes,source-dependent,not expected,optional feature column before downstream feature engineering,required when using fixed/slow feature join,numeric,,Indicator or share for FAO/IIASA agro-ecological zone code 32000,AEZ code indicator/share,
AEZ_34000,fixed_slow_feature,aez,"04 Agriculture, AEZ, and masks",yes,source-dependent,not expected,optional feature column before downstream feature engineering,required when using fixed/slow feature join,numeric,,Indicator or share for FAO/IIASA agro-ecological zone code 34000,AEZ code indicator/share,
AEZ_36000,fixed_slow_feature,aez,"04 Agriculture, AEZ, and masks",yes,source-dependent,not expected,optional feature column before downstream feature engineering,required when using fixed/slow feature join,numeric,,Indicator or share for FAO/IIASA agro-ecological zone code 36000,AEZ code indicator/share,
AEZ_38000,fixed_slow_feature,aez,"04 Agriculture, AEZ, and masks",yes,source-dependent,not expected,optional feature column before downstream feature engineering,required when using fixed/slow feature join,numeric,,Indicator or share for FAO/IIASA agro-ecological zone code 38000,AEZ code indicator/share,
AEZ_42000,fixed_slow_feature,aez,"04 Agriculture, AEZ, and masks",yes,source-dependent,not expected,optional feature column before downstream feature engineering,required when using fixed/slow feature join,numeric,,Indicator or share for FAO/IIASA agro-ecological zone code 42000,AEZ code indicator/share,
AEZ_7000,fixed_slow_feature,aez,"04 Agriculture, AEZ, and masks",yes,source-dependent,not expected,optional feature column before downstream feature engineering,required when using fixed/slow feature join,numeric,,Indicator or share for FAO/IIASA agro-ecological zone code 7000,AEZ code indicator/share,
CC,slow_or_country_time_feature,10_demographic_socioeconomic_and_macro,"10 Demographic, socioeconomic, and macro",yes,source-dependent,not expected,optional feature column before downstream feature engineering,not expected,numeric,,"Control of Corruptions percentile, source from world bank",,
CPI,slow_or_country_time_feature,10_demographic_socioeconomic_and_macro,"10 Demographic, socioeconomic, and macro",yes,source-dependent,not expected,optional feature column before downstream feature engineering,not expected,numeric,,"Consumer Price Index, source from world bank",,
EVI_mean,monthly_dynamic_feature,06_remote_sensing_vegetation_and_nightlights,06 Remote sensing vegetation and nightlights,yes,source-dependent,not expected,optional feature column before downstream feature engineering,not expected,numeric,,Enhanced Vegetation Index; mean. Aggregated first on month then on zone.,Mean,
EVI_std,monthly_dynamic_feature,06_remote_sensing_vegetation_and_nightlights,06 Remote sensing vegetation and nightlights,yes,source-dependent,not expected,optional feature column before downstream feature engineering,not expected,numeric,,Enhanced Vegetation Index; standard deviation. Aggregated first on month then on zone.,Standard deviation,
Evap_tavg_mean,monthly_dynamic_feature,05_fldas_gldas_land_surface_climate,05 FLDAS/GLDAS land-surface climate,yes,source-dependent,not expected,optional feature column before downstream feature engineering,not expected,numeric,,Evapotranspiration; mean. From FLDAS product. Aggregated first on month then on zone.,Mean,
Evap_tavg_stdDev,monthly_dynamic_feature,05_fldas_gldas_land_surface_climate,05 FLDAS/GLDAS land-surface climate,yes,source-dependent,not expected,optional feature column before downstream feature engineering,not expected,numeric,,Evapotranspiration; standard deviation. From FLDAS product. Aggregated first on month then on zone.,Standard deviation,
FAO_price,monthly_dynamic_feature,11_food_prices_and_inflation,11 Food prices and inflation,yes,source-dependent,not expected,optional feature column before downstream feature engineering,not expected,numeric,,Food or agricultural commodity price from FAO; FPMA domestic data-market level; matched on market level,,
Food_CPI,monthly_dynamic_feature,11_food_prices_and_inflation,11 Food prices and inflation,yes,source-dependent,not expected,optional feature column before downstream feature engineering,not expected,numeric,,"Food Consumer Price Index; marco, country level. Source from FAOSTAT",,
Food_food_inflation,monthly_dynamic_feature,11_food_prices_and_inflation,11 Food prices and inflation,yes,source-dependent,not expected,optional feature column before downstream feature engineering,not expected,numeric,,"Food price inflation rate; macro, country level, Source from FAOSTAT",,
GDP,slow_or_country_time_feature,10_demographic_socioeconomic_and_macro,"10 Demographic, socioeconomic, and macro",yes,source-dependent,not expected,optional feature column before downstream feature engineering,not expected,numeric,,"Gross Domestic Product, source from world bank.",,
GPP_mean,monthly_dynamic_feature,06_remote_sensing_vegetation_and_nightlights,06 Remote sensing vegetation and nightlights,yes,source-dependent,not expected,optional feature column before downstream feature engineering,not expected,numeric,,"Gross Primary Productivity, source from GOSIF-GPP, aggregated on zone.",Mean,
GPP_std,monthly_dynamic_feature,06_remote_sensing_vegetation_and_nightlights,06 Remote sensing vegetation and nightlights,yes,source-dependent,not expected,optional feature column before downstream feature engineering,not expected,numeric,,"Gross Primary Productivity, source from GOSIF-GPP, aggregated on zone.",Standard deviation,
ISO3,identifier,01_identifiers_location_and_time,"01 Identifiers, location, and time",yes,recommended,not expected,recommended for audit and joins,recommended,string,,ISO 3166-1 alpha-3 country code,,
LWdown_f_tavg_mean,monthly_dynamic_feature,05_fldas_gldas_land_surface_climate,05 FLDAS/GLDAS land-surface climate,yes,source-dependent,not expected,optional feature column before downstream feature engineering,not expected,numeric,,"Downward longwave radiation flux at surface, From FLDAS product. Aggregated first on month then on zone.",Mean,
LWdown_f_tavg_stdDev,monthly_dynamic_feature,05_fldas_gldas_land_surface_climate,05 FLDAS/GLDAS land-surface climate,yes,source-dependent,not expected,optional feature column before downstream feature engineering,not expected,numeric,,"Downward longwave radiation flux at surface, From FLDAS product. Aggregated first on month then on zone.",Standard deviation,
Lwnet_tavg_mean,monthly_dynamic_feature,05_fldas_gldas_land_surface_climate,05 FLDAS/GLDAS land-surface climate,yes,source-dependent,not expected,optional feature column before downstream feature engineering,not expected,numeric,,"Net longwave radiation flux at surface, From FLDAS product. Aggregated first on month then on zone.",Mean,
Lwnet_tavg_stdDev,monthly_dynamic_feature,05_fldas_gldas_land_surface_climate,05 FLDAS/GLDAS land-surface climate,yes,source-dependent,not expected,optional feature column before downstream feature engineering,not expected,numeric,,"Net longwave radiation flux at surface, From FLDAS product. Aggregated first on month then on zone.",Standard deviation,
Psurf_f_tavg_mean,monthly_dynamic_feature,05_fldas_gldas_land_surface_climate,05 FLDAS/GLDAS land-surface climate,yes,source-dependent,not expected,optional feature column before downstream feature engineering,not expected,numeric,,"Surface pressure, From FLDAS product. Aggregated first on month then on zone.",Mean,
Psurf_f_tavg_stdDev,monthly_dynamic_feature,05_fldas_gldas_land_surface_climate,05 FLDAS/GLDAS land-surface climate,yes,source-dependent,not expected,optional feature column before downstream feature engineering,not expected,numeric,,"Surface pressure, From FLDAS product. Aggregated first on month then on zone.",Standard deviation,
Qair_f_tavg_mean,monthly_dynamic_feature,05_fldas_gldas_land_surface_climate,05 FLDAS/GLDAS land-surface climate,yes,source-dependent,not expected,optional feature column before downstream feature engineering,not expected,numeric,,"Near-surface specific humidity, From FLDAS product. Aggregated first on month then on zone.",Mean,
Qair_f_tavg_stdDev,monthly_dynamic_feature,05_fldas_gldas_land_surface_climate,05 FLDAS/GLDAS land-surface climate,yes,source-dependent,not expected,optional feature column before downstream feature engineering,not expected,numeric,,"Near-surface specific humidity, From FLDAS product. Aggregated first on month then on zone.",Standard deviation,
Qg_tavg_mean,monthly_dynamic_feature,05_fldas_gldas_land_surface_climate,05 FLDAS/GLDAS land-surface climate,yes,source-dependent,not expected,optional feature column before downstream feature engineering,not expected,numeric,,"Ground heat flux, From FLDAS product. Aggregated first on month then on zone.",Mean,
Qg_tavg_stdDev,monthly_dynamic_feature,05_fldas_gldas_land_surface_climate,05 FLDAS/GLDAS land-surface climate,yes,source-dependent,not expected,optional feature column before downstream feature engineering,not expected,numeric,,"Ground heat flux, From FLDAS product. Aggregated first on month then on zone.",Standard deviation,
Qh_tavg_mean,monthly_dynamic_feature,05_fldas_gldas_land_surface_climate,05 FLDAS/GLDAS land-surface climate,yes,source-dependent,not expected,optional feature column before downstream feature engineering,not expected,numeric,,"Sensible heat flux, From FLDAS product. Aggregated first on month then on zone.",Mean,
Qh_tavg_stdDev,monthly_dynamic_feature,05_fldas_gldas_land_surface_climate,05 FLDAS/GLDAS land-surface climate,yes,source-dependent,not expected,optional feature column before downstream feature engineering,not expected,numeric,,"Sensible heat flux, From FLDAS product. Aggregated first on month then on zone.",Standard deviation,
Qle_tavg_mean,monthly_dynamic_feature,05_fldas_gldas_land_surface_climate,05 FLDAS/GLDAS land-surface climate,yes,source-dependent,not expected,optional feature column before downstream feature engineering,not expected,numeric,,"Latent heat flux, From FLDAS product. Aggregated first on month then on zone.",Mean,
Qle_tavg_stdDev,monthly_dynamic_feature,05_fldas_gldas_land_surface_climate,05 FLDAS/GLDAS land-surface climate,yes,source-dependent,not expected,optional feature column before downstream feature engineering,not expected,numeric,,"Latent heat flux, From FLDAS product. Aggregated first on month then on zone.",Standard deviation,
Qs_tavg_mean,monthly_dynamic_feature,05_fldas_gldas_land_surface_climate,05 FLDAS/GLDAS land-surface climate,yes,source-dependent,not expected,optional feature column before downstream feature engineering,not expected,numeric,,"Surface storm runoff, From FLDAS product. Aggregated first on month then on zone.",Mean,
Qs_tavg_stdDev,monthly_dynamic_feature,05_fldas_gldas_land_surface_climate,05 FLDAS/GLDAS land-surface climate,yes,source-dependent,not expected,optional feature column before downstream feature engineering,not expected,numeric,,"Surface storm runoff, From FLDAS product. Aggregated first on month then on zone.",Standard deviation,
Qsb_tavg_mean,monthly_dynamic_feature,05_fldas_gldas_land_surface_climate,05 FLDAS/GLDAS land-surface climate,yes,source-dependent,not expected,optional feature column before downstream feature engineering,not expected,numeric,,"Subsurface/baseflow runoff, From FLDAS product. Aggregated first on month then on zone.",Mean,
Qsb_tavg_stdDev,monthly_dynamic_feature,05_fldas_gldas_land_surface_climate,05 FLDAS/GLDAS land-surface climate,yes,source-dependent,not expected,optional feature column before downstream feature engineering,not expected,numeric,,"Subsurface/baseflow runoff, From FLDAS product. Aggregated first on month then on zone.",Standard deviation,
RadT_tavg_mean,monthly_dynamic_feature,05_fldas_gldas_land_surface_climate,05 FLDAS/GLDAS land-surface climate,yes,source-dependent,not expected,optional feature column before downstream feature engineering,not expected,numeric,,"Surface radiative temperature, From FLDAS product. Aggregated first on month then on zone.",Mean,
RadT_tavg_stdDev,monthly_dynamic_feature,05_fldas_gldas_land_surface_climate,05 FLDAS/GLDAS land-surface climate,yes,source-dependent,not expected,optional feature column before downstream feature engineering,not expected,numeric,,"Surface radiative temperature, From FLDAS product. Aggregated first on month then on zone.",Standard deviation,
Rainf_f_tavg_mean,monthly_dynamic_feature,05_fldas_gldas_land_surface_climate,05 FLDAS/GLDAS land-surface climate,yes,source-dependent,not expected,optional feature column before downstream feature engineering,not expected,numeric,,"Rainfall/precipitation rate, From FLDAS product. Aggregated first on month then on zone.",Mean,
Rainf_f_tavg_stdDev,monthly_dynamic_feature,05_fldas_gldas_land_surface_climate,05 FLDAS/GLDAS land-surface climate,yes,source-dependent,not expected,optional feature column before downstream feature engineering,not expected,numeric,,"Rainfall/precipitation rate, From FLDAS product. Aggregated first on month then on zone.",Standard deviation,
SWE_inst_mean,monthly_dynamic_feature,05_fldas_gldas_land_surface_climate,05 FLDAS/GLDAS land-surface climate,yes,source-dependent,not expected,optional feature column before downstream feature engineering,not expected,numeric,,"Snow water equivalent, From FLDAS product. Aggregated first on month then on zone.",Mean,
SWE_inst_stdDev,monthly_dynamic_feature,05_fldas_gldas_land_surface_climate,05 FLDAS/GLDAS land-surface climate,yes,source-dependent,not expected,optional feature column before downstream feature engineering,not expected,numeric,,"Snow water equivalent, From FLDAS product. Aggregated first on month then on zone.",Standard deviation,
SWdown_f_tavg_mean,monthly_dynamic_feature,05_fldas_gldas_land_surface_climate,05 FLDAS/GLDAS land-surface climate,yes,source-dependent,not expected,optional feature column before downstream feature engineering,not expected,numeric,,"Downward shortwave radiation flux at surface, From FLDAS product. Aggregated first on month then on zone.",Mean,
SWdown_f_tavg_stdDev,monthly_dynamic_feature,05_fldas_gldas_land_surface_climate,05 FLDAS/GLDAS land-surface climate,yes,source-dependent,not expected,optional feature column before downstream feature engineering,not expected,numeric,,"Downward shortwave radiation flux at surface, From FLDAS product. Aggregated first on month then on zone.",Standard deviation,
SnowCover_inst_mean,monthly_dynamic_feature,05_fldas_gldas_land_surface_climate,05 FLDAS/GLDAS land-surface climate,yes,source-dependent,not expected,optional feature column before downstream feature engineering,not expected,numeric,,"Snow cover fraction, From FLDAS product. Aggregated first on month then on zone.",Mean,
SnowCover_inst_stdDev,monthly_dynamic_feature,05_fldas_gldas_land_surface_climate,05 FLDAS/GLDAS land-surface climate,yes,source-dependent,not expected,optional feature column before downstream feature engineering,not expected,numeric,,"Snow cover fraction, From FLDAS product. Aggregated first on month then on zone.",Standard deviation,
SnowDepth_inst_mean,monthly_dynamic_feature,05_fldas_gldas_land_surface_climate,05 FLDAS/GLDAS land-surface climate,yes,source-dependent,not expected,optional feature column before downstream feature engineering,not expected,numeric,,"Snow depth, From FLDAS product. Aggregated first on month then on zone.",Mean,
SnowDepth_inst_stdDev,monthly_dynamic_feature,05_fldas_gldas_land_surface_climate,05 FLDAS/GLDAS land-surface climate,yes,source-dependent,not expected,optional feature column before downstream feature engineering,not expected,numeric,,"Snow depth, From FLDAS product. Aggregated first on month then on zone.",Standard deviation,
Snowf_tavg_mean,monthly_dynamic_feature,05_fldas_gldas_land_surface_climate,05 FLDAS/GLDAS land-surface climate,yes,source-dependent,not expected,optional feature column before downstream feature engineering,not expected,numeric,,"Snowfall rate, From FLDAS product. Aggregated first on month then on zone.",Mean,
Snowf_tavg_stdDev,monthly_dynamic_feature,05_fldas_gldas_land_surface_climate,05 FLDAS/GLDAS land-surface climate,yes,source-dependent,not expected,optional feature column before downstream feature engineering,not expected,numeric,,"Snowfall rate, From FLDAS product. Aggregated first on month then on zone.",Standard deviation,
SoilMoi00_10cm_tavg_mean,monthly_dynamic_feature,05_fldas_gldas_land_surface_climate,05 FLDAS/GLDAS land-surface climate,yes,source-dependent,not expected,optional feature column before downstream feature engineering,not expected,numeric,,"Soil moisture for 0-10cm depth layer, From FLDAS product. Aggregated first on month then on zone.",Mean,
SoilMoi00_10cm_tavg_stdDev,monthly_dynamic_feature,05_fldas_gldas_land_surface_climate,05 FLDAS/GLDAS land-surface climate,yes,source-dependent,not expected,optional feature column before downstream feature engineering,not expected,numeric,,"Soil moisture for 0-10cm depth layer, From FLDAS product. Aggregated first on month then on zone.",Standard deviation,
SoilMoi100_200cm_tavg_mean,monthly_dynamic_feature,05_fldas_gldas_land_surface_climate,05 FLDAS/GLDAS land-surface climate,yes,source-dependent,not expected,optional feature column before downstream feature engineering,not expected,numeric,,"Soil moisture for 10-20cm depth layer, From FLDAS product. Aggregated first on month then on zone.",Mean,
SoilMoi100_200cm_tavg_stdDev,monthly_dynamic_feature,05_fldas_gldas_land_surface_climate,05 FLDAS/GLDAS land-surface climate,yes,source-dependent,not expected,optional feature column before downstream feature engineering,not expected,numeric,,"Soil moisture for 10-20cm depth layer, From FLDAS product. Aggregated first on month then on zone.",Standard deviation,
SoilMoi10_40cm_tavg_mean,monthly_dynamic_feature,05_fldas_gldas_land_surface_climate,05 FLDAS/GLDAS land-surface climate,yes,source-dependent,not expected,optional feature column before downstream feature engineering,not expected,numeric,,"Soil moisture for 10-40cm depth layer, From FLDAS product. Aggregated first on month then on zone.",Mean,
SoilMoi10_40cm_tavg_stdDev,monthly_dynamic_feature,05_fldas_gldas_land_surface_climate,05 FLDAS/GLDAS land-surface climate,yes,source-dependent,not expected,optional feature column before downstream feature engineering,not expected,numeric,,"Soil moisture for 10-40cm depth layer, From FLDAS product. Aggregated first on month then on zone.",Standard deviation,
SoilMoi40_100cm_tavg_mean,monthly_dynamic_feature,05_fldas_gldas_land_surface_climate,05 FLDAS/GLDAS land-surface climate,yes,source-dependent,not expected,optional feature column before downstream feature engineering,not expected,numeric,,"Soil moisture for 40-10cm depth layer, From FLDAS product. Aggregated first on month then on zone.",Mean,
SoilMoi40_100cm_tavg_stdDev,monthly_dynamic_feature,05_fldas_gldas_land_surface_climate,05 FLDAS/GLDAS land-surface climate,yes,source-dependent,not expected,optional feature column before downstream feature engineering,not expected,numeric,,"Soil moisture for 40-10cm depth layer, From FLDAS product. Aggregated first on month then on zone.",Standard deviation,
SoilTemp00_10cm_tavg_mean,monthly_dynamic_feature,05_fldas_gldas_land_surface_climate,05 FLDAS/GLDAS land-surface climate,yes,source-dependent,not expected,optional feature column before downstream feature engineering,not expected,numeric,,"Soil temperature for 0-10cm depth layer, From FLDAS product. Aggregated first on month then on zone.",Mean,
SoilTemp00_10cm_tavg_stdDev,monthly_dynamic_feature,05_fldas_gldas_land_surface_climate,05 FLDAS/GLDAS land-surface climate,yes,source-dependent,not expected,optional feature column before downstream feature engineering,not expected,numeric,,"Soil temperature for 0-10cm depth layer, From FLDAS product. Aggregated first on month then on zone.",Standard deviation,
SoilTemp100_200cm_tavg_mean,monthly_dynamic_feature,05_fldas_gldas_land_surface_climate,05 FLDAS/GLDAS land-surface climate,yes,source-dependent,not expected,optional feature column before downstream feature engineering,not expected,numeric,,"Soil temperature for 10-20cm depth layer, From FLDAS product. Aggregated first on month then on zone.",Mean,
SoilTemp100_200cm_tavg_stdDev,monthly_dynamic_feature,05_fldas_gldas_land_surface_climate,05 FLDAS/GLDAS land-surface climate,yes,source-dependent,not expected,optional feature column before downstream feature engineering,not expected,numeric,,"Soil temperature for 10-20cm depth layer, From FLDAS product. Aggregated first on month then on zone.",Standard deviation,
SoilTemp10_40cm_tavg_mean,monthly_dynamic_feature,05_fldas_gldas_land_surface_climate,05 FLDAS/GLDAS land-surface climate,yes,source-dependent,not expected,optional feature column before downstream feature engineering,not expected,numeric,,"Soil temperature for 10-40cm depth layer, From FLDAS product. Aggregated first on month then on zone.",Mean,
SoilTemp10_40cm_tavg_stdDev,monthly_dynamic_feature,05_fldas_gldas_land_surface_climate,05 FLDAS/GLDAS land-surface climate,yes,source-dependent,not expected,optional feature column before downstream feature engineering,not expected,numeric,,"Soil temperature for 10-40cm depth layer, From FLDAS product. Aggregated first on month then on zone.",Standard deviation,
SoilTemp40_100cm_tavg_mean,monthly_dynamic_feature,05_fldas_gldas_land_surface_climate,05 FLDAS/GLDAS land-surface climate,yes,source-dependent,not expected,optional feature column before downstream feature engineering,not expected,numeric,,"Soil temperature for 40-10cm depth layer, From FLDAS product. Aggregated first on month then on zone.",Mean,
SoilTemp40_100cm_tavg_stdDev,monthly_dynamic_feature,05_fldas_gldas_land_surface_climate,05 FLDAS/GLDAS land-surface climate,yes,source-dependent,not expected,optional feature column before downstream feature engineering,not expected,numeric,,"Soil temperature for 40-10cm depth layer, From FLDAS product. Aggregated first on month then on zone.",Standard deviation,
Swnet_tavg_mean,monthly_dynamic_feature,05_fldas_gldas_land_surface_climate,05 FLDAS/GLDAS land-surface climate,yes,source-dependent,not expected,optional feature column before downstream feature engineering,not expected,numeric,,"Net shortwave radiation flux at surface, From FLDAS product. Aggregated first on month then on zone.",Mean,
Swnet_tavg_stdDev,monthly_dynamic_feature,05_fldas_gldas_land_surface_climate,05 FLDAS/GLDAS land-surface climate,yes,source-dependent,not expected,optional feature column before downstream feature engineering,not expected,numeric,,"Net shortwave radiation flux at surface, From FLDAS product. Aggregated first on month then on zone.",Standard deviation,
Tair_f_tavg_mean,monthly_dynamic_feature,05_fldas_gldas_land_surface_climate,05 FLDAS/GLDAS land-surface climate,yes,source-dependent,not expected,optional feature column before downstream feature engineering,not expected,numeric,,"Near-surface air temperature, From FLDAS product. Aggregated first on month then on zone.",Mean,
Tair_f_tavg_stdDev,monthly_dynamic_feature,05_fldas_gldas_land_surface_climate,05 FLDAS/GLDAS land-surface climate,yes,source-dependent,not expected,optional feature column before downstream feature engineering,not expected,numeric,,"Near-surface air temperature, From FLDAS product. Aggregated first on month then on zone.",Standard deviation,
WFP_Price,monthly_dynamic_feature,11_food_prices_and_inflation,11 Food prices and inflation,yes,source-dependent,not expected,optional feature column before downstream feature engineering,not expected,numeric,,"World Food Programme market/food price, country level ALPS product(maize, rice, corn, wheat, vegetable oil)",,
WFP_Price_std,monthly_dynamic_feature,11_food_prices_and_inflation,11 Food prices and inflation,yes,source-dependent,not expected,optional feature column before downstream feature engineering,not expected,numeric,,"Standard deviation of WFP price observations, country level ALPS product(maize, rice, corn, wheat, vegetable oil)",Standard deviation,
Wind_f_tavg_mean,monthly_dynamic_feature,05_fldas_gldas_land_surface_climate,05 FLDAS/GLDAS land-surface climate,yes,source-dependent,not expected,optional feature column before downstream feature engineering,not expected,numeric,,"Near-surface wind speed, From FLDAS product. Aggregated first on month then on zone.",Mean,
Wind_f_tavg_stdDev,monthly_dynamic_feature,05_fldas_gldas_land_surface_climate,05 FLDAS/GLDAS land-surface climate,yes,source-dependent,not expected,optional feature column before downstream feature engineering,not expected,numeric,,"Near-surface wind speed, From FLDAS product. Aggregated first on month then on zone.",Standard deviation,
address,identifier,02_geography_and_spatial_linkage,02 Geography and spatial linkage,yes,recommended,not expected,optional feature column before downstream feature engineering,not expected,string,,Place/address text,,
admin_code,identifier,02_geography_and_spatial_linkage,02 Geography and spatial linkage,yes,required,required,required compatibility alias,required,string,Current administrative identifier; source for area_id.,Administrative unit code,,Current raw/scaffold assets use this as the area id.
country,identifier,02_geography_and_spatial_linkage,02 Geography and spatial linkage,yes,recommended,not expected,recommended for audit and joins,recommended,string,,Country name,,
country_code,identifier,02_geography_and_spatial_linkage,02 Geography and spatial linkage,yes,recommended,not expected,recommended for audit and joins,recommended,string,,Country code,,
country_en,identifier,02_geography_and_spatial_linkage,02 Geography and spatial linkage,yes,recommended,not expected,recommended for audit and joins,recommended,string,,English country name,,
crop,fixed_slow_feature,asap_land_cover,"04 Agriculture, AEZ, and masks",yes,source-dependent,not expected,optional feature column before downstream feature engineering,required when using fixed/slow feature join,numeric,,"Crop mask, source from ASAP",,
distance_to_nearest_acled,identifier_or_static_geography,02_geography_and_spatial_linkage,02 Geography and spatial linkage,yes,source-dependent,not expected,optional feature column before downstream feature engineering,not expected,numeric,,Distance to nearest ACLED conflict event,,
distance_to_river,fixed_slow_feature,river_distance,02 Geography and spatial linkage,yes,source-dependent,not expected,optional feature column before downstream feature engineering,required when using fixed/slow feature join,numeric,,Distance to nearest river source from world bank,,
elevation,fixed_slow_feature,terrain,03 Terrain and physical geography,yes,source-dependent,not expected,optional feature column before downstream feature engineering,required when using fixed/slow feature join,numeric,,Elevation above sea level,,
estimated_population,outcome,10_demographic_socioeconomic_and_macro,"10 Demographic, socioeconomic, and macro",yes,required,not required for forecast scaffold,required for training rows; optional/blank for forecast rows,not expected,numeric,,Estimated population,,Observed outcomes are sparse by design in the raw panel.
event_count_battles,monthly_dynamic_feature,08_conflict_events_and_fatalities,08 Conflict events and fatalities,yes,source-dependent,not expected,optional feature column before downstream feature engineering,not expected,numeric,,Number of ACLED events for battles,,
event_count_battles_w10,monthly_dynamic_feature,08_conflict_events_and_fatalities,08 Conflict events and fatalities,yes,source-dependent,not expected,optional feature column before downstream feature engineering,not expected,numeric,,Number of ACLED events for battles; reverse weighted by distance of 10 nearest stations.,Distance-weighted 10-nearest-station aggregate,
event_count_battles_w5,monthly_dynamic_feature,08_conflict_events_and_fatalities,08 Conflict events and fatalities,yes,source-dependent,not expected,optional feature column before downstream feature engineering,not expected,numeric,,Number of ACLED events for battles; reverse weighted by distance of 5 nearest stations.,Distance-weighted 5-nearest-station aggregate,
event_count_explosions,monthly_dynamic_feature,08_conflict_events_and_fatalities,08 Conflict events and fatalities,yes,source-dependent,not expected,optional feature column before downstream feature engineering,not expected,numeric,,Number of ACLED events for explosions/remote violence,,
event_count_explosions_w10,monthly_dynamic_feature,08_conflict_events_and_fatalities,08 Conflict events and fatalities,yes,source-dependent,not expected,optional feature column before downstream feature engineering,not expected,numeric,,Number of ACLED events for explosions/remote violence; reverse weighted by distance of 10 nearest stations.,Distance-weighted 10-nearest-station aggregate,
event_count_explosions_w5,monthly_dynamic_feature,08_conflict_events_and_fatalities,08 Conflict events and fatalities,yes,source-dependent,not expected,optional feature column before downstream feature engineering,not expected,numeric,,Number of ACLED events for explosions/remote violence; reverse weighted by distance of 5 nearest stations.,Distance-weighted 5-nearest-station aggregate,
event_count_violence,monthly_dynamic_feature,08_conflict_events_and_fatalities,08 Conflict events and fatalities,yes,source-dependent,not expected,optional feature column before downstream feature engineering,not expected,numeric,,Number of ACLED events for violence against civilians or political violence,,
event_count_violence_w10,monthly_dynamic_feature,08_conflict_events_and_fatalities,08 Conflict events and fatalities,yes,source-dependent,not expected,optional feature column before downstream feature engineering,not expected,numeric,,Number of ACLED events for violence against civilians or political violence; reverse weighted by distance of 10 nearest stations.,Distance-weighted 10-nearest-station aggregate,
event_count_violence_w5,monthly_dynamic_feature,08_conflict_events_and_fatalities,08 Conflict events and fatalities,yes,source-dependent,not expected,optional feature column before downstream feature engineering,not expected,numeric,,Number of ACLED events for violence against civilians or political violence; reverse weighted by distance of 5 nearest stations.,Distance-weighted 5-nearest-station aggregate,
gini,slow_or_country_time_feature,10_demographic_socioeconomic_and_macro,"10 Demographic, socioeconomic, and macro",yes,source-dependent,not expected,optional feature column before downstream feature engineering,not expected,numeric,,"Gini inequality index, source from world bank",,
lat,identifier,01_identifiers_location_and_time,"01 Identifiers, location, and time",yes,required,required,recommended for audit and joins,required,numeric,"Decimal degrees; expected range [-90, 90].",Latitude,,
lon,identifier,01_identifiers_location_and_time,"01 Identifiers, location, and time",yes,required,required,recommended for audit and joins,required,numeric,"Decimal degrees; expected range [-180, 180].",Longitude,,
market_access,fixed_slow_feature,market_access,13 Market access,yes,source-dependent,not expected,optional feature column before downstream feature engineering,required when using fixed/slow feature join,numeric,,Market accessibility score/index,,
market_distance,fixed_slow_feature,market_access,13 Market access,yes,source-dependent,not expected,optional feature column before downstream feature engineering,required when using fixed/slow feature join,numeric,,Distance to market,,
month,canonical_key,01_identifiers_location_and_time,"01 Identifiers, location, and time",yes,required,required,required,not expected,integer,Integer month 1-12.,Month,Time index,
nightlight_mean,monthly_dynamic_feature,06_remote_sensing_vegetation_and_nightlights,06 Remote sensing vegetation and nightlights,yes,source-dependent,not expected,optional feature column before downstream feature engineering,not expected,numeric,,Mean night-time lights intensity; source from VIIRS and DMSP/OLS,Mean,
nightlight_std,monthly_dynamic_feature,06_remote_sensing_vegetation_and_nightlights,06 Remote sensing vegetation and nightlights,yes,source-dependent,not expected,optional feature column before downstream feature engineering,not expected,numeric,,Standard deviation of night-time lights intensity; source from VIIRS and DMSP/OLS,Standard deviation,
overall_phase,outcome,09_food_security_ipc,09 Food security / IPC,yes,required,not required for forecast scaffold,required for training rows; optional/blank for forecast rows,not expected,integer,IPC/CH phase; expected numeric phase where observed.,Overall IPC/food-security phase,,Observed outcomes are sparse by design in the raw panel.
phase1_percent,outcome,09_food_security_ipc,09 Food security / IPC,yes,required,not required for forecast scaffold,required for training rows; optional/blank for forecast rows,not expected,numeric,Population percent by phase where observed.,Percent of population in IPC Phase 1: Minimal/None,,Observed outcomes are sparse by design in the raw panel.
phase2_percent,outcome,09_food_security_ipc,09 Food security / IPC,yes,required,not required for forecast scaffold,required for training rows; optional/blank for forecast rows,not expected,numeric,Population percent by phase where observed.,Percent of population in IPC Phase 2: Stressed,,Observed outcomes are sparse by design in the raw panel.
phase3_percent,outcome,09_food_security_ipc,09 Food security / IPC,yes,required,not required for forecast scaffold,required for training rows; optional/blank for forecast rows,not expected,numeric,Population percent by phase where observed.,Percent of population in IPC Phase 3: Crisis,,Observed outcomes are sparse by design in the raw panel.
phase4_percent,outcome,09_food_security_ipc,09 Food security / IPC,yes,required,not required for forecast scaffold,required for training rows; optional/blank for forecast rows,not expected,numeric,Population percent by phase where observed.,Percent of population in IPC Phase 4: Emergency,,Observed outcomes are sparse by design in the raw panel.
phase5_percent,outcome,09_food_security_ipc,09 Food security / IPC,yes,required,not required for forecast scaffold,required for training rows; optional/blank for forecast rows,not expected,numeric,Population percent by phase where observed.,Percent of population in IPC Phase 5: Catastrophe/Famine,,Observed outcomes are sparse by design in the raw panel.
popdensity,fixed_slow_feature,population_context,"10 Demographic, socioeconomic, and macro",yes,source-dependent,not expected,optional feature column before downstream feature engineering,required when using fixed/slow feature join,numeric,,Population density,,
range,fixed_slow_feature,asap_land_cover,"04 Agriculture, AEZ, and masks",yes,source-dependent,not expected,optional feature column before downstream feature engineering,required when using fixed/slow feature join,numeric,,range mask; source from ASAP,,
ruggedness,fixed_slow_feature,terrain,03 Terrain and physical geography,yes,source-dependent,not expected,optional feature column before downstream feature engineering,required when using fixed/slow feature join,numeric,,Terrain ruggedness index,,
sg_cec_5-15cm,fixed_slow_feature,isric_soilgrids,07 SoilGrids soil attributes,yes,source-dependent,not expected,optional feature column before downstream feature engineering,required when using fixed/slow feature join,numeric,,"Cation exchange capacity, 5-15 cm soil depth",,
sg_cfvo_5-15cm,fixed_slow_feature,isric_soilgrids,07 SoilGrids soil attributes,yes,source-dependent,not expected,optional feature column before downstream feature engineering,required when using fixed/slow feature join,numeric,,"Coarse fragments volumetric percentage, 5-15 cm soil depth",,
sg_nitrogen_5-15cm,fixed_slow_feature,isric_soilgrids,07 SoilGrids soil attributes,yes,source-dependent,not expected,optional feature column before downstream feature engineering,required when using fixed/slow feature join,numeric,,"Total nitrogen content, 5-15 cm soil depth",,
sg_phh2o_5-15cm,fixed_slow_feature,isric_soilgrids,07 SoilGrids soil attributes,yes,source-dependent,not expected,optional feature column before downstream feature engineering,required when using fixed/slow feature join,numeric,,"Soil pH in water, 5-15 cm soil depth",,
sg_soc_5-15cm,fixed_slow_feature,isric_soilgrids,07 SoilGrids soil attributes,yes,source-dependent,not expected,optional feature column before downstream feature engineering,required when using fixed/slow feature join,numeric,,"Soil organic carbon, 5-15 cm soil depth",,
slope,fixed_slow_feature,terrain,03 Terrain and physical geography,yes,source-dependent,not expected,optional feature column before downstream feature engineering,required when using fixed/slow feature join,numeric,,Terrain slope,,
state,identifier,02_geography_and_spatial_linkage,02 Geography and spatial linkage,yes,recommended,not expected,recommended for audit and joins,recommended,string,,State/province/admin-1 name,,
sum_fatalities_battles,monthly_dynamic_feature,08_conflict_events_and_fatalities,08 Conflict events and fatalities,yes,source-dependent,not expected,optional feature column before downstream feature engineering,not expected,numeric,,Reported fatalities for battles,,
sum_fatalities_battles_w10,monthly_dynamic_feature,08_conflict_events_and_fatalities,08 Conflict events and fatalities,yes,source-dependent,not expected,optional feature column before downstream feature engineering,not expected,numeric,,Reported fatalities for battles; reverse weighted by distance of 10 nearest stations.,Distance-weighted 10-nearest-station aggregate,
sum_fatalities_battles_w5,monthly_dynamic_feature,08_conflict_events_and_fatalities,08 Conflict events and fatalities,yes,source-dependent,not expected,optional feature column before downstream feature engineering,not expected,numeric,,Reported fatalities for battles; reverse weighted by distance of 5 nearest stations.,Distance-weighted 5-nearest-station aggregate,
sum_fatalities_explosions,monthly_dynamic_feature,08_conflict_events_and_fatalities,08 Conflict events and fatalities,yes,source-dependent,not expected,optional feature column before downstream feature engineering,not expected,numeric,,Reported fatalities for explosions/remote violence,,
sum_fatalities_explosions_w10,monthly_dynamic_feature,08_conflict_events_and_fatalities,08 Conflict events and fatalities,yes,source-dependent,not expected,optional feature column before downstream feature engineering,not expected,numeric,,Reported fatalities for explosions/remote violence; reverse weighted by distance of 10 nearest stations.,Distance-weighted 10-nearest-station aggregate,
sum_fatalities_explosions_w5,monthly_dynamic_feature,08_conflict_events_and_fatalities,08 Conflict events and fatalities,yes,source-dependent,not expected,optional feature column before downstream feature engineering,not expected,numeric,,Reported fatalities for explosions/remote violence; reverse weighted by distance of 5 nearest stations.,Distance-weighted 5-nearest-station aggregate,
sum_fatalities_violence,monthly_dynamic_feature,08_conflict_events_and_fatalities,08 Conflict events and fatalities,yes,source-dependent,not expected,optional feature column before downstream feature engineering,not expected,numeric,,Reported fatalities for violence against civilians or political violence,,
sum_fatalities_violence_w10,monthly_dynamic_feature,08_conflict_events_and_fatalities,08 Conflict events and fatalities,yes,source-dependent,not expected,optional feature column before downstream feature engineering,not expected,numeric,,Reported fatalities for violence against civilians or political violence; reverse weighted by distance of 10 nearest stations.,Distance-weighted 10-nearest-station aggregate,
sum_fatalities_violence_w5,monthly_dynamic_feature,08_conflict_events_and_fatalities,08 Conflict events and fatalities,yes,source-dependent,not expected,optional feature column before downstream feature engineering,not expected,numeric,,Reported fatalities for violence against civilians or political violence; reverse weighted by distance of 5 nearest stations.,Distance-weighted 5-nearest-station aggregate,
year,canonical_key,01_identifiers_location_and_time,"01 Identifiers, location, and time",yes,required,required,required,not expected,integer,Four-digit integer year.,Year,Time index,
AEZ_10000,fixed_slow_feature,aez,"04 Agriculture, AEZ, and masks",yes,source-dependent,not expected,optional feature column before downstream feature engineering,required when using fixed/slow feature join,numeric,,Indicator or share for FAO/IIASA agro-ecological zone code 10000,AEZ code indicator/share,
AEZ_12000,fixed_slow_feature,aez,"04 Agriculture, AEZ, and masks",yes,source-dependent,not expected,optional feature column before downstream feature engineering,required when using fixed/slow feature join,numeric,,Indicator or share for FAO/IIASA agro-ecological zone code 12000,AEZ code indicator/share,
AEZ_17000,fixed_slow_feature,aez,"04 Agriculture, AEZ, and masks",yes,source-dependent,not expected,optional feature column before downstream feature engineering,required when using fixed/slow feature join,numeric,,Indicator or share for FAO/IIASA agro-ecological zone code 17000,AEZ code indicator/share,
AEZ_19000,fixed_slow_feature,aez,"04 Agriculture, AEZ, and masks",yes,source-dependent,not expected,optional feature column before downstream feature engineering,required when using fixed/slow feature join,numeric,,Indicator or share for FAO/IIASA agro-ecological zone code 19000,AEZ code indicator/share,
AEZ_20000,fixed_slow_feature,aez,"04 Agriculture, AEZ, and masks",yes,source-dependent,not expected,optional feature column before downstream feature engineering,required when using fixed/slow feature join,numeric,,Indicator or share for FAO/IIASA agro-ecological zone code 20000,AEZ code indicator/share,
AEZ_25000,fixed_slow_feature,aez,"04 Agriculture, AEZ, and masks",yes,source-dependent,not expected,optional feature column before downstream feature engineering,required when using fixed/slow feature join,numeric,,Indicator or share for FAO/IIASA agro-ecological zone code 25000,AEZ code indicator/share,
AEZ_28000,fixed_slow_feature,aez,"04 Agriculture, AEZ, and masks",yes,source-dependent,not expected,optional feature column before downstream feature engineering,required when using fixed/slow feature join,numeric,,Indicator or share for FAO/IIASA agro-ecological zone code 28000,AEZ code indicator/share,
AEZ_30000,fixed_slow_feature,aez,"04 Agriculture, AEZ, and masks",yes,source-dependent,not expected,optional feature column before downstream feature engineering,required when using fixed/slow feature join,numeric,,Indicator or share for FAO/IIASA agro-ecological zone code 30000,AEZ code indicator/share,
AEZ_31000,fixed_slow_feature,aez,"04 Agriculture, AEZ, and masks",yes,source-dependent,not expected,optional feature column before downstream feature engineering,required when using fixed/slow feature join,numeric,,Indicator or share for FAO/IIASA agro-ecological zone code 31000,AEZ code indicator/share,
AEZ_33000,fixed_slow_feature,aez,"04 Agriculture, AEZ, and masks",yes,source-dependent,not expected,optional feature column before downstream feature engineering,required when using fixed/slow feature join,numeric,,Indicator or share for FAO/IIASA agro-ecological zone code 33000,AEZ code indicator/share,
AEZ_35000,fixed_slow_feature,aez,"04 Agriculture, AEZ, and masks",yes,source-dependent,not expected,optional feature column before downstream feature engineering,required when using fixed/slow feature join,numeric,,Indicator or share for FAO/IIASA agro-ecological zone code 35000,AEZ code indicator/share,
AEZ_4000,fixed_slow_feature,aez,"04 Agriculture, AEZ, and masks",yes,source-dependent,not expected,optional feature column before downstream feature engineering,required when using fixed/slow feature join,numeric,,Indicator or share for FAO/IIASA agro-ecological zone code 4000,AEZ code indicator/share,
AEZ_40000,fixed_slow_feature,aez,"04 Agriculture, AEZ, and masks",yes,source-dependent,not expected,optional feature column before downstream feature engineering,required when using fixed/slow feature join,numeric,,Indicator or share for FAO/IIASA agro-ecological zone code 40000,AEZ code indicator/share,
AEZ_43000,fixed_slow_feature,aez,"04 Agriculture, AEZ, and masks",yes,source-dependent,not expected,optional feature column before downstream feature engineering,required when using fixed/slow feature join,numeric,,Indicator or share for FAO/IIASA agro-ecological zone code 43000,AEZ code indicator/share,
AEZ_9000,fixed_slow_feature,aez,"04 Agriculture, AEZ, and masks",yes,source-dependent,not expected,optional feature column before downstream feature engineering,required when using fixed/slow feature join,numeric,,Indicator or share for FAO/IIASA agro-ecological zone code 9000,AEZ code indicator/share,
bbg_GCFPAMBS,deferred_source_feature,12_bloomberg_commodities_and_fertilizer_energy,12 Bloomberg commodities and fertilizer/energy,no,source-dependent,not expected,optional feature column before downstream feature engineering,not expected,numeric,,"Ammonia, Black Sea",Bloomberg ticker/price series,In codebook but not in current raw handover panel.
bbg_GCFPAMME,deferred_source_feature,12_bloomberg_commodities_and_fertilizer_energy,12 Bloomberg commodities and fertilizer/energy,no,source-dependent,not expected,optional feature column before downstream feature engineering,not expected,numeric,,"Ammonia, Middle East",Bloomberg ticker/price series,In codebook but not in current raw handover panel.
bbg_GCFPDAIN,deferred_source_feature,12_bloomberg_commodities_and_fertilizer_energy,12 Bloomberg commodities and fertilizer/energy,no,source-dependent,not expected,optional feature column before downstream feature engineering,not expected,numeric,,"DAP, India",Bloomberg ticker/price series,In codebook but not in current raw handover panel.
bbg_GCFPDANO,deferred_source_feature,12_bloomberg_commodities_and_fertilizer_energy,12 Bloomberg commodities and fertilizer/energy,no,source-dependent,not expected,optional feature column before downstream feature engineering,not expected,numeric,,"DAP, US Gulf / NOLA",Bloomberg ticker/price series,In codebook but not in current raw handover panel.
bbg_GCFPPOBA,deferred_source_feature,12_bloomberg_commodities_and_fertilizer_energy,12 Bloomberg commodities and fertilizer/energy,no,source-dependent,not expected,optional feature column before downstream feature engineering,not expected,numeric,,"Potash / MOP, Brazil",Bloomberg ticker/price series,In codebook but not in current raw handover panel.
bbg_GCFPURBS,deferred_source_feature,12_bloomberg_commodities_and_fertilizer_energy,12 Bloomberg commodities and fertilizer/energy,no,source-dependent,not expected,optional feature column before downstream feature engineering,not expected,numeric,,"Urea, Black Sea",Bloomberg ticker/price series,In codebook but not in current raw handover panel.
bbg_GCFPURGB,deferred_source_feature,12_bloomberg_commodities_and_fertilizer_energy,12 Bloomberg commodities and fertilizer/energy,no,source-dependent,not expected,optional feature column before downstream feature engineering,not expected,numeric,,"Urea, granular, Brazil / Brazil import price",Bloomberg ticker/price series,In codebook but not in current raw handover panel.
bbg_GCFPURMG,deferred_source_feature,12_bloomberg_commodities_and_fertilizer_energy,12 Bloomberg commodities and fertilizer/energy,no,source-dependent,not expected,optional feature column before downstream feature engineering,not expected,numeric,,"Urea, Middle East granular",Bloomberg ticker/price series,In codebook but not in current raw handover panel.
bbg_NGUSHHUB,deferred_source_feature,12_bloomberg_commodities_and_fertilizer_energy,12 Bloomberg commodities and fertilizer/energy,no,source-dependent,not expected,optional feature column before downstream feature engineering,not expected,numeric,,Henry Hub natural gas price,Bloomberg ticker/price series,In codebook but not in current raw handover panel.
bbg_TZTX2_Comdty,deferred_source_feature,12_bloomberg_commodities_and_fertilizer_energy,12 Bloomberg commodities and fertilizer/energy,no,source-dependent,not expected,optional feature column before downstream feature engineering,not expected,numeric,,Dutch Natural Gas price,Bloomberg ticker/price series,In codebook but not in current raw handover panel.
bbg_oilgas_CL1_COMB_Comdty_price,deferred_source_feature,12_bloomberg_commodities_and_fertilizer_energy,12 Bloomberg commodities and fertilizer/energy,no,source-dependent,not expected,optional feature column before downstream feature engineering,not expected,numeric,,"Crude oil front-month futures price, WTI CL1 generic contract",Bloomberg ticker/price series,In codebook but not in current raw handover panel.
bbg_oilgas_NG1_Comdty_price,deferred_source_feature,12_bloomberg_commodities_and_fertilizer_energy,12 Bloomberg commodities and fertilizer/energy,no,source-dependent,not expected,optional feature column before downstream feature engineering,not expected,numeric,,"Natural gas front-month futures price, NG1 generic contract",Bloomberg ticker/price series,In codebook but not in current raw handover panel.
bbg_soybean_oil_futures_bid,deferred_source_feature,12_bloomberg_commodities_and_fertilizer_energy,12 Bloomberg commodities and fertilizer/energy,no,source-dependent,not expected,optional feature column before downstream feature engineering,not expected,numeric,,Soybean oil futures,Bloomberg ticker/price series,In codebook but not in current raw handover panel.
bbg_soybean_oil_futures_last_price,deferred_source_feature,12_bloomberg_commodities_and_fertilizer_energy,12 Bloomberg commodities and fertilizer/energy,no,source-dependent,not expected,optional feature column before downstream feature engineering,not expected,numeric,,Soybean oil futures,Bloomberg ticker/price series,In codebook but not in current raw handover panel.
bbg_staple_food_corn_x1_price,deferred_source_feature,12_bloomberg_commodities_and_fertilizer_energy,12 Bloomberg commodities and fertilizer/energy,no,source-dependent,not expected,optional feature column before downstream feature engineering,not expected,numeric,,Front/generic contract price for corn,Bloomberg ticker/price series,In codebook but not in current raw handover panel.
bbg_staple_food_hard_wheat_x1_price,deferred_source_feature,12_bloomberg_commodities_and_fertilizer_energy,12 Bloomberg commodities and fertilizer/energy,no,source-dependent,not expected,optional feature column before downstream feature engineering,not expected,numeric,,Front/generic contract price for hard wheat,Bloomberg ticker/price series,In codebook but not in current raw handover panel.
bbg_staple_food_rough_rice_x1_price,deferred_source_feature,12_bloomberg_commodities_and_fertilizer_energy,12 Bloomberg commodities and fertilizer/energy,no,source-dependent,not expected,optional feature column before downstream feature engineering,not expected,numeric,,Front/generic contract price for rough rice,Bloomberg ticker/price series,In codebook but not in current raw handover panel.
bbg_staple_food_soft_wheat_x1_price,deferred_source_feature,12_bloomberg_commodities_and_fertilizer_energy,12 Bloomberg commodities and fertilizer/energy,no,source-dependent,not expected,optional feature column before downstream feature engineering,not expected,numeric,,Front/generic contract price for soft wheat,Bloomberg ticker/price series,In codebook but not in current raw handover panel.
bbg_staple_food_soybeans_x1_price,deferred_source_feature,12_bloomberg_commodities_and_fertilizer_energy,12 Bloomberg commodities and fertilizer/energy,no,source-dependent,not expected,optional feature column before downstream feature engineering,not expected,numeric,,Front/generic contract price for soybeans,Bloomberg ticker/price series,In codebook but not in current raw handover panel.
coastline_dist,fixed_slow_feature,coastline_distance,02 Geography and spatial linkage,no,source-dependent,not expected,optional feature column before downstream feature engineering,required when using fixed/slow feature join,numeric,,Distance to coastline source from World bank,,In codebook but not in current raw handover panel.
food_inflation_wb,monthly_dynamic_feature,11_food_prices_and_inflation,11 Food prices and inflation,no,source-dependent,not expected,optional feature column before downstream feature engineering,not expected,numeric,,World Bank food inflation rate,,In codebook but not in current raw handover panel.
food_price_index_WB,monthly_dynamic_feature,11_food_prices_and_inflation,11 Food prices and inflation,no,source-dependent,not expected,optional feature column before downstream feature engineering,not expected,numeric,,World Bank food price index,,In codebook but not in current raw handover panel.
inflation_food_price_index,monthly_dynamic_feature,11_food_prices_and_inflation,11 Food prices and inflation,no,source-dependent,not expected,optional feature column before downstream feature engineering,not expected,numeric,,"Food price inflation index, source from world bank",,In codebook but not in current raw handover panel.
nino34_anom,deferred_source_feature,99_other_review,99 Other / review,no,source-dependent,not expected,optional feature column before downstream feature engineering,not expected,numeric,,Nino 3. 4 sea-surface temperature anomaly,,In codebook but not in current raw handover panel.
wb_food_price_match_distance_km,identifier_or_static_geography,02_geography_and_spatial_linkage,02 Geography and spatial linkage,no,source-dependent,not expected,optional feature column before downstream feature engineering,not expected,numeric,,Distance used when matching World Bank food price series to location,,In codebook but not in current raw handover panel.
